area_id,evidence_level,reported_poll_date,reported_poll_month,schedule_source_url,boundary_review_status,boundary_source_url,schedule_review_note,checked_on
E08000032,council_exact_date,2027-05-06,2027-05,https://www.bradford.gov.uk/your-council/elections-and-voting/scheduled-elections/,2026_new_wards,https://www.bradford.gov.uk/your-council/elections-and-voting/ward-maps/,Council says one seat per ward in 2027 after the all-out 2026 transition.,2026-10-05
E08000034,council_exact_date,2027-05-06,2027-05,https://www.kirklees.gov.uk/beta/voting-and-elections/scheduled-elections.aspx,2026_new_wards,https://democracy.kirklees.gov.uk/documents/g7992/Public%20reports%20pack%2026th-Sep-2025%2010.30%20Corporate%20Governance%20and%20Audit%20Committee.pdf?T=10,Council says 23 district seats planned for 2027.,2026-10-05
E08000035,council_exact_date,2027-05-06,2027-05,https://www.leeds.gov.uk/elections/leeds-city-council-elections,not_checked,,Council says the next scheduled Leeds City Council election is 6 May 2027.,2026-10-05
E08000039,national_cycle_only,,,https://www.gov.uk/government/publications/election-timetable-in-england/election-timetable-in-england,review_in_progress,https://www.lgbce.org.uk/all-reviews/sheffield,Government cycle lists Sheffield in 2027; find a current city council schedule before claiming an exact poll.,2026-10-05
E08000036,council_exact_date,2027-05-06,2027-05,https://www.wakefield.gov.uk/elections/voter-information/annual-canvass,not_checked,,Council says district and parish elections will take place on 6 May 2027.,2026-10-05
E08000033,council_exact_date,2027-05-06,2027-05,https://new.calderdale.gov.uk/council/elections-and-voting/future-elections,2026_new_wards,https://new.calderdale.gov.uk/council/elections-and-voting/future-elections/local-elections,Council says district election on 6 May 2027 after all-out 2026 ward changes.,2026-10-05
E06000011,commission_2027_election,,,https://www.lgbce.org.uk/news/press-release/new-political-map-east-riding-yorkshire-council,2027_new_wards,https://www.lgbce.org.uk/all-reviews/east-riding-yorkshire,Boundary Commission says new arrangements are for the 2027 election; seek a current council date notice.,2026-10-05
E06000013,council_month,,2027-05,https://www.northlincs.gov.uk/your-council/about-elections-and-voting/elections-and-voting-information/local-elections/,not_checked,,Council says next whole-council election is May 2027; day not stated on this page.,2026-10-05
E06000014,council_month,,2027-05,https://www.york.gov.uk/ElectionsInYork,2027_new_wards,https://www.lgbce.org.uk/all-reviews/york,Council says next elections are May 2027; Boundary Commission has new arrangements for 2027.,2026-10-05
E06000065,council_month,,2027-05,https://www.northyorks.gov.uk/your-council/your-council/elections-and-voting,2027_new_wards,https://www.lgbce.org.uk/all-reviews/north-yorkshire,Council says next full election is May 2027; most divisions will change.,2026-10-05
E06000010,council_exact_date,2027-05-06,2027-05,https://www.hull.gov.uk/localelections,not_checked,,Council says local elections are scheduled for 6 May 2027 except Bricknell and University wards.,2026-10-05
E06000012,council_exact_date,2027-05-06,2027-05,https://www.nelincs.gov.uk/your-council/elections-and-voting/election-dates-and-results/,not_checked,,Council lists North East Lincolnshire Council elections on 6 May 2027.,2026-10-05
